"Blog Handle","Handle","Title","Author","Tags","Published At","Image Src","Image Alt","Excerpt","Body HTML"
"journal","the-thirty-six-hours","The Thirty-Six Hours","Mae Lindqvist","travel, packing, wardrobe","2026-03-12 09:00:00","https://images.unsplash.com/photo-1469334031218-e382a71b716b?w=1200&q=80&auto=format&fit=crop","A leather holdall resting on a hotel bed","Thirty-six hours in another city. What goes in the bag — and what stays behind.","<p>I have been refining this list for about four years. Before that, I packed the way most people pack: with good intentions and a complete failure of nerve. Three pairs of shoes for a weekend. The coat I love but never wear. The dress I bought for an occasion that has never quite arrived.</p>

<p>Now I carry a single holdall. It weighs about six kilograms when full. Inside: two pairs of trousers, one jacket, three tops, one dress that does evening without trying, a pair of flat leather mules, a cashmere half-zip, and underwear. That is all. That is always all.</p>

<h2>The Four Rules</h2>

<p>The rules came slowly, through failure. Rule one: every piece must touch two other pieces. A trouser that only works with one top is not a trouser — it is a hostage situation. Rule two: nothing that needs ironing. Creases are fine. Ironing boards in hotel rooms are not. Rule three: colour lives in accessories, not in clothes. Rule four: bring one thing that is purely for pleasure — a silk scarf, a small perfume, a book with a good spine.</p>

<p>The Brera Trouser is in every bag I take. It has been to Lisbon, to a friend's house in the Lot, to three press days in Paris, and once, memorably, to a conference in Helsinki in February where I underestimated the weather. It survived all of it.</p>

<blockquote><p>The test of a wardrobe is not how it looks in a photograph. It is how it holds up on the second day, when you are tired, when the weather has changed, and when you need to be somewhere new in forty minutes.</p></blockquote>

<p>The other essential is the field coat. It is the piece I almost did not make — a coat that does not quite commit to being a coat, that works over everything and under nothing, that has two proper pockets and a lining you can feel is right. It has made every trip better. That is the only metric that matters.</p>

<p>Thirty-six hours is enough time to see whether a wardrobe actually works. It is too short to recover from a bad choice. I have not made a bad choice in about three years. I intend to keep it that way.</p>"
"journal","on-wool-and-why-we-never-use-it-twice","On Wool, and Why We Never Use It Twice","Elsa Mäkinen","fabric, sustainability, materials","2026-02-18 09:00:00","https://images.unsplash.com/photo-1558171813-a8e1e40ead31?w=1200&q=80&auto=format&fit=crop","Close detail of wool fabric texture","We use our wool exactly once. Here is what that means, and why it matters more than we initially thought.","<p>The wool comes from a small mill in the Biella region of northern Italy. We have been working with them for three seasons. They do not take new clients easily — you write a letter, you visit in person, you wait. We waited eight months. It was worth it.</p>

<p>What we mean when we say we never use a fabric twice is this: each season we select yarns and weights that are new to our range. Nothing is reordered. When a fabric is gone, it is gone. The garments made from it become, in a small way, unrepeatable.</p>

<h2>Why It Matters</h2>

<p>The fashion industry's relationship with textile surplus is complicated and mostly unexamined. Mills produce sample lengths. Brands order safety stock. Seasons turn and excess fabric is liquidated, destroyed, or simply stored in a warehouse somewhere in the Veneto, slowly yellowing.</p>

<p>We do not want to contribute to that. Every length of fabric we commission is cut to zero — meaning the full quantity becomes garments, and the garments are made in quantities small enough that we are confident they will all find homes.</p>

<blockquote><p>Scarcity is not a marketing strategy. It is an acknowledgement that making things has consequences, and that those consequences deserve to be taken seriously.</p></blockquote>

<p>The wool we are using this season is a 220-gram double-faced crepe from Loro Piana's reserve range. It has a handle unlike anything we have worked with before — firm enough to hold a line, light enough to drape. It makes exactly one garment in our collection: the Riva Coat. We made forty of them. When they are gone, this particular cloth will not appear again.</p>

<p>There is something clarifying about working this way. It forces us to ask, before we begin: is this fabric good enough to justify the time, the labour, the resources? If the answer is not an immediate yes, we do not proceed. Most things do not pass that test. A few do. Those are the ones we make.</p>"
"journal","fifty-two-days-inside-the-porto-atelier","Fifty-Two Days: Inside the Porto Atelier","Mae Lindqvist","atelier, making-of, provenance","2026-01-24 09:00:00","https://images.unsplash.com/photo-1558769132-cb1aea458c5e?w=1200&q=80&auto=format&fit=crop","Hands cutting fabric at a pattern-cutting table in an atelier","From first cut to finished garment: what actually happens in those fifty-two days.","<p>The number that surprises people most is not the price. It is the time. Fifty-two days, on average, from the moment the fabric is cut to the moment the finished garment is pressed, tagged, and folded into its box.</p>

<p>I spent three days in Porto last November watching this happen. Not in a self-congratulatory, brand-video way — I went because I needed to understand something I had been getting wrong, and I needed to see it with my own eyes.</p>

<h2>Day One: The Cut</h2>

<p>The atelier is on the second floor of a building near the river. The light in the morning is remarkable — flat and white, coming in from the north. Paulo, the pattern cutter who has worked here for twenty-three years, lays the fabric by hand. No automated cutting. Every piece is inspected before it is marked. A small imperfection in the weave — barely visible, something a machine would miss — is set aside. We do not cut around problems. We do not use that length.</p>

<p>This is the first of many moments where I think: this is what the price is for. Not luxury, not positioning. Time spent on judgment calls that most of the industry has automated away.</p>

<h2>The Eleven Pairs of Hands</h2>

<p>Between cutting and pressing, eleven people touch each garment. I wrote their names down: Paulo (cutting), Ana (first stitching), two seamstresses I did not catch the names of (seams and pressing the seams open), a specialist for the invisible zip, someone in their eighties whose title I did not understand but who checked every inside seam by feel, the quality inspector, the second press, the button attachment (done separately, by hand), the final check, and the woman who folds and boxes each piece with a deliberateness I found quietly moving.</p>

<blockquote><p>At one point I asked how they knew when a garment was finished. Ana looked at me the way you look at someone who has asked a genuinely strange question. 'When it is right,' she said. I did not ask what right meant. I already knew.</p></blockquote>

<p>What I got wrong, before I visited, was that I thought slow production was about values. It is about values, yes, but it is also about results. The garments that come out of this building hold their shape differently. The seams lie flat in a way that only happens when someone has pressed them open with care. The buttons sit correctly — a small thing that is, in fact, not a small thing at all.</p>

<p>I came back from Porto with a clearer sense of what we are making and why it costs what it costs. I also came back with a coat I bought from Paulo's wife at the market near the atelier on my last morning, made in a Portuguese cotton I had not seen before. I wear it constantly. It is not one of ours.</p>"
"journal","the-discipline-of-one-colour","The Discipline of One Colour","Mae Lindqvist","dressing, colour, philosophy","2026-03-28 09:00:00","https://images.unsplash.com/photo-1490481651871-ab68de25d43d?w=1200&q=80&auto=format&fit=crop","Wide-leg linen trousers in bone laid flat on a stone surface","On the strange freedom that comes from choosing one palette and staying inside it.","<p>For three years I wore almost nothing that was not some shade of stone, bone, or chalk. People thought it was an aesthetic choice — a photographer's eye, an editor's discipline. It was neither. It was exhaustion. I was tired of deciding.</p>

<p>What happened, without my planning it, was that everything became easier. Getting dressed in the morning stopped being a series of negotiations. Things worked with other things. I stopped buying things impulsively because they were interesting and started buying things only if they were right.</p>

<h2>The Palette Problem</h2>

<p>Most people's wardrobes are not collections of clothes. They are accumulations of moods. A red dress purchased in a very specific state of mind that has not recurred. Trousers bought because a friend looked good in them. A coat in a colour that seemed brave in the shop and reads as mistake in real life.</p>

<p>The palette approach is not about neutrals — that is a misunderstanding. It is about deciding, once, what relationship you want to have with colour. My relationship is this: colour in small doses, in accessories, in single statement pieces. The rest is a foundation. The foundation does not change because foundations are not supposed to change.</p>

<blockquote><p>There is a sentence I think about often, from a Japanese designer who made clothes for thirty years in the same grey. He said: restraint is not the same as refusal. He was right. I built a company on the difference.</p></blockquote>

<h2>What This Looks Like in Practice</h2>

<p>My working wardrobe has eleven pieces. I have counted. The Brera Trouser in bone and in a dark charcoal. The field coat. Two cashmere knits in off-white. A silk camisole. A blazer in a wool-linen mix that goes with everything. Three shirts. A dress for evenings that asks nothing of me.</p>

<p>I add one piece per season, if I need to. I remove one for everything I add. This is not minimalism as performance. It is logistics as design philosophy. It works.</p>"
"journal","how-to-dress-for-a-morning-that-will-last-all-day","How to Dress for a Morning That Will Last All Day","Sofía Reyes","styling, practical, wardrobe","2026-02-06 09:00:00","https://images.unsplash.com/photo-1485968579580-b6d095142e6e?w=1200&q=80&auto=format&fit=crop","Woman in tailored trousers and a loose ivory shirt walking in morning light","A practical guide to the one outfit that carries you through a twelve-hour day without a change of clothes.","<p>The brief was this: a morning meeting, a lunch that runs long, an afternoon desk-sitting, an unexpected drinks that becomes dinner. One outfit. No bag-of-changes. The brief is not unusual. It is most days.</p>

<p>There are clothes built for occasions, and there are clothes built for time. The distinction matters more than anyone in fashion will admit. Occasion dressing is architecture — impressive, specific, inflexible. Time dressing is furniture. It accommodates. It persists.</p>

<h2>The Components</h2>

<p>The trouser is the foundation. A proper wide-leg — not fashion-wide, not costume-wide, but wide in the proportion that has worked for fifty years and will work for another fifty. The waist sits at the natural waist. The hem breaks gently over the shoe. When you sit, it still looks correct. When you stand, it looks more correct.</p>

<p>The top wants to be simple. A fitted knit, or a loose silk, or something in between. It does not need to be interesting. The trouser is the interesting piece. The top is the quiet part of a conversation.</p>

<blockquote><p>The jacket is optional. But if you carry one — over the arm, not on the back — the evening becomes available. Without it, you are committed to wherever you are. The jacket is permission to be somewhere else.</p></blockquote>

<h2>On Shoes</h2>

<p>Flat. Always flat. The heel, for a day this long, is a negotiation you will lose by three in the afternoon. A good leather mule, or a very clean trainer if the context allows, or a low-heeled loafer. The shoe should be something you can walk fast in, stand in for an hour, and still feel good about when you sit down to dinner.</p>

<p>The rest is maintenance: a small bag, a scarf that doubles as a wrap in cold rooms, and something that smells like you have made an effort even when you have not had time to make one. That is all. That is, in truth, everything.</p>"
"journal","why-we-made-fewer-pieces-this-season","Why We Made Fewer Pieces This Season","Mae Lindqvist","brand, manifesto, collections","2026-04-03 09:00:00","https://images.unsplash.com/photo-1558618666-fcd25c85cd64?w=1200&q=80&auto=format&fit=crop","A single garment hanging on a simple wooden rail against a white wall","Resort 26 has twelve pieces. We considered eighteen. Here is why twelve was right.","<p>We started Resort 26 with a list of eighteen garments. At the final edit, six of them were removed. Some were good pieces — technically well-made, commercially logical, appropriate for the collection. We removed them anyway.</p>

<p>The question we ask at the end of every edit is: does this piece earn its place? Not 'is it sellable?' Not 'does it round out the range?' But: does this piece justify its own existence?</p>

<p>Two of the six failed because they were redundant — we had already solved that customer problem better elsewhere in the collection. Two failed because they were not quite right, and we did not have the time to make them right before the season, and we would rather not make them than make them badly. Two failed because they were ideas we liked in theory but that made no sense in the context of a twelve-piece wardrobe — the customer who buys this collection does not need this piece, even if she might want it.</p>

<h2>The Case for Fewer</h2>

<blockquote><p>There is a perverse logic in fashion that says more means more confidence. A bigger collection is read as a stronger brand. We disagree. A bigger collection is a set of decisions made less carefully, spread thinner, representing a less articulate point of view.</p></blockquote>

<p>Twelve pieces forces a clarity that eighteen would not. Every piece must relate to every other piece. The colour palette must work in every combination. The range of occasions covered must be genuine and coherent. With eighteen you can fudge it. With twelve you cannot.</p>

<h2>What Was Cut</h2>

<p>We will not say precisely — not out of secrecy but because naming absent things gives them weight they do not deserve. What we will say is that one of the cuts was a dress we had sampled three times and still could not get right. It is the dress I most wanted to make this season. We will try again for the next one.</p>

<p>The other cuts, we are at peace with. The twelve that remain are the twelve that should exist. That is the work.</p>"
"journal","the-woman-who-wore-the-same-coat-for-seven-years","The Woman Who Wore the Same Coat for Seven Years","Elsa Mäkinen","editorial, portrait, dressing","2025-12-15 09:00:00","https://images.unsplash.com/photo-1539109136881-3be0616acf4b?w=1200&q=80&auto=format&fit=crop","A woman in a long camel coat walking down a quiet cobblestone street in autumn","A portrait of the kind of woman we design for — and what she has taught us.","<p>She is an architect. She lives in Copenhagen, near the water. She has worn the same camel coat since the winter of 2018, and she plans to wear it for at least another seven years.</p>

<p>Her name is Ingrid. She showed me the coat on our third meeting — I had noticed it before but had not asked. The collar is slightly rolled now in a way it was not designed to roll. The buttons are the original ones. There is a repair on the right cuff that is so well done you have to be looking for it to see it.</p>

<p>'I bought it because it was right,' she told me. 'Not because it was fashionable or because I needed a coat. I needed a coat the way you need something that will work for ten years. That is a different need.'</p>

<h2>What She Taught Us</h2>

<p>Ingrid is the woman we design for. Not because she is our target demographic — although she is — but because she represents a relationship with clothes that we believe is both increasingly rare and increasingly right. She does not buy things because they are beautiful, though she notices beauty. She buys things because they are correct. The coat was correct. It still is.</p>

<blockquote><p>We asked her what she would say to someone standing in a shop, trying to decide whether a coat was worth the price. She thought for a moment. 'Ask yourself if you can imagine still wearing it in ten years. Not if you will want to — if you can imagine it. If you can imagine it, buy it.'</p></blockquote>

<p>The field coat we make exists because of conversations like this one. We wanted to make a coat that could be Ingrid's coat — that could be worn for seven years and then repaired and then worn for seven more. We do not know if we have succeeded yet. Ask us in 2033.</p>"
"journal","what-the-light-does-to-linen","What the Light Does to Linen","Sofía Reyes","fabric, linen, summer","2026-04-17 09:00:00","https://images.unsplash.com/photo-1594938298603-c8148c4dae35?w=1200&q=80&auto=format&fit=crop","Linen fabric in natural bone colour catching afternoon light near a window","On the material that photographs like no other, and why we keep coming back to it.","<p>There is a moment, around four in the afternoon in a south-facing room, when linen does something no other fabric does. It catches the light and holds it. Not reflects — holds. The quality of the light changes as you move through the room, and the linen moves with it.</p>

<p>This is not poetic licence. Anyone who has photographed linen knows what I am describing. Our photographer, who spent three days shooting Resort 26, sent me a message on the second afternoon: 'I don't know what it is about this fabric.' I know what it is. It is the weave. It is the way the fibres are not perfectly even, the way the cloth breathes in a way that synthetic fibres cannot, the way age improves it rather than degrading it.</p>

<h2>Why We Use Italian Linen</h2>

<p>Linen is grown in many places. The best of it — the most consistently even, the most finely spun — comes from a region of northern Italy where the mills have been working with the same flax sources for generations. We use a 180-gram dress-weight linen that is also heavier than it looks, that drapes rather than falls, that holds its line without stiffness.</p>

<p>The Brera Trouser is made in it. The camisole is made in it. The dresses are made in it. They will all crease. That is correct behaviour. A linen that does not crease has been treated in a way that solves a problem by creating a worse one.</p>

<blockquote><p>The crease is not a flaw. It is evidence of the fabric being alive — responding to movement, to body heat, to the specific shape of the person wearing it. After half an hour of wearing, linen belongs to you in a way cotton never quite does.</p></blockquote>

<h2>On Care</h2>

<p>We recommend a cool hand wash, a gentle press if you want it, and the acceptance that the first wash will soften the hand slightly, and subsequent washes will soften it further, until the fabric reaches a state that cannot be replicated by anything other than wearing it. That state is the point. The journey from new to worn-in is the correct life of a linen garment.</p>

<p>Buy it. Wear it. Wash it. Wait. It will be worth the patience.</p>"
